ootd_id,image_url
1,https://images.unsplash.com/photo-1533898301026-0a2546b285e7?ixlib=rb-1.2.1&ixid=eyJhcHBfaWQiOjEyMDd9&auto=format&fit=crop&w=1296&q=60
1,https://images.unsplash.com/photo-1520013135029-3c324dc527a0?ixlib=rb-1.2.1&ixid=eyJhcHBfaWQiOjEyMDd9&auto=format&fit=crop&w=1296&q=60
2,https://images.unsplash.com/photo-1534260748473-e1c629d04bb0?ixlib=rb-1.2.1&ixid=eyJhcHBfaWQiOjEyMDd9&auto=format&fit=crop&w=1296&q=60
2,https://images.unsplash.com/photo-1518740028517-36c686a4a001?ixlib=rb-1.2.1&ixid=eyJhcHBfaWQiOjEyMDd9&auto=format&fit=crop&w=1296&q=60
3,https://images.unsplash.com/photo-1503342217505-b0a15ec3261c?ixlib=rb-1.2.1&ixid=eyJhcHBfaWQiOjEyMDd9&auto=format&fit=crop&w=1296&q=60
3,https://images.unsplash.com/flagged/photo-1562053690-62f7812fd0de?ixlib=rb-1.2.1&ixid=eyJhcHBfaWQiOjEyMDd9&auto=format&fit=crop&w=1296&q=60
4,https://images.unsplash.com/photo-1485968579580-b6d095142e6e?ixlib=rb-1.2.1&ixid=eyJhcHBfaWQiOjEyMDd9&auto=format&fit=crop&w=1296&q=60
5,https://images.unsplash.com/photo-1552168212-9ceb61083ba0?ixlib=rb-1.2.1&auto=format&fit=crop&w=1296&q=60
6,https://images.unsplash.com/photo-1593202873672-79aeb34143d8?ixlib=rb-1.2.1&ixid=eyJhcHBfaWQiOjEyMDd9&auto=format&fit=crop&w=1296&q=60
7,https://images.unsplash.com/photo-1532073150508-0c1df022bdd1?ixlib=rb-1.2.1&ixid=eyJhcHBfaWQiOjEyMDd9&auto=format&fit=crop&w=1296&q=60
8,https://images.unsplash.com/photo-1531734510209-2da4a139a53a?ixlib=rb-1.2.1&ixid=eyJhcHBfaWQiOjEyMDd9&auto=format&fit=crop&w=1296&q=60
9,https://images.unsplash.com/photo-1520483984082-37caa3093d0f?ixlib=rb-1.2.1&ixid=eyJhcHBfaWQiOjEyMDd9&auto=format&fit=crop&w=1296&q=60
10,https://images.unsplash.com/photo-1603233791515-24a3429645b8?ixlib=rb-1.2.1&ixid=eyJhcHBfaWQiOjEyMDd9&auto=format&fit=crop&w=1296&q=60
11,https://images.unsplash.com/photo-1574427797991-b086946fa9e7?ixlib=rb-1.2.1&ixid=eyJhcHBfaWQiOjEyMDd9&auto=format&fit=crop&w=1296&q=60
12,https://images.unsplash.com/photo-1511105612320-2e62a04dd044?ixlib=rb-1.2.1&ixid=eyJhcHBfaWQiOjEyMDd9&auto=format&fit=crop&w=1296&q=60
13,https://images.unsplash.com/photo-1531455522153-b9887b5a5696?ixlib=rb-1.2.1&ixid=eyJhcHBfaWQiOjEyMDd9&auto=format&fit=crop&w=1296&q=60
14,https://images.unsplash.com/photo-1601295347735-bdc097e86049?ixlib=rb-1.2.1&ixid=eyJhcHBfaWQiOjEyMDd9&auto=format&fit=crop&w=1296&q=60
15,https://images.unsplash.com/photo-1529399447871-731cff7f696b?ixlib=rb-1.2.1&ixid=eyJhcHBfaWQiOjEyMDd9&auto=format&fit=crop&w=1296&q=60
16,https://images.unsplash.com/photo-1535323700481-068e9c9f4c1f?ixlib=rb-1.2.1&ixid=eyJhcHBfaWQiOjEyMDd9&auto=format&fit=crop&w=1296&q=60
17,https://images.unsplash.com/photo-1511167966586-4942d18c6f40?ixlib=rb-1.2.1&ixid=eyJhcHBfaWQiOjEyMDd9&auto=format&fit=crop&w=1296&q=60
18,https://images.unsplash.com/photo-1511196044526-5cb3bcb7071b?ixlib=rb-1.2.1&ixid=eyJhcHBfaWQiOjEyMDd9&auto=format&fit=crop&w=1296&q=60
19,https://images.unsplash.com/photo-1462430638866-7ad892655344?ixlib=rb-1.2.1&ixid=eyJhcHBfaWQiOjEyMDd9&auto=format&fit=crop&w=1296&q=60
20,https://images.unsplash.com/photo-1598441322332-16310ec9b738?ixlib=rb-1.2.1&ixid=eyJhcHBfaWQiOjEyMDd9&auto=format&fit=crop&w=1296&q=60
21,https://images.unsplash.com/photo-1595899961631-e9a6d6c4e4ce?ixlib=rb-1.2.1&ixid=eyJhcHBfaWQiOjEyMDd9&auto=format&fit=crop&w=1296&q=60
22,https://images.unsplash.com/photo-1582124448694-88b2445077b7?ixlib=rb-1.2.1&ixid=eyJhcHBfaWQiOjEyMDd9&auto=format&fit=crop&w=1296&q=60
23,https://images.unsplash.com/photo-1534557668063-45fd39faa851?ixlib=rb-1.2.1&ixid=eyJhcHBfaWQiOjEyMDd9&auto=format&fit=crop&w=1296&q=60
24,https://images.unsplash.com/photo-1563440473806-a2abe721077c?ixlib=rb-1.2.1&ixid=eyJhcHBfaWQiOjEyMDd9&auto=format&fit=crop&w=1296&q=60
25,https://images.unsplash.com/photo-1603401740347-dc340113440f?ixlib=rb-1.2.1&ixid=eyJhcHBfaWQiOjEyMDd9&auto=format&fit=crop&w=1296&q=60
26,https://images.unsplash.com/photo-1558608846-7295ca9d0348?ixlib=rb-1.2.1&ixid=eyJhcHBfaWQiOjEyMDd9&auto=format&fit=crop&w=1296&q=60
27,https://images.unsplash.com/photo-1588992970837-27e122b58cef?ixlib=rb-1.2.1&ixid=eyJhcHBfaWQiOjEyMDd9&auto=format&fit=crop&w=1296&q=60
28,https://images.unsplash.com/photo-1601632609961-90b86ffad7b0?ixlib=rb-1.2.1&ixid=eyJhcHBfaWQiOjEyMDd9&auto=format&fit=crop&w=1296&q=60
29,https://images.unsplash.com/photo-1522872641108-bcb51e2aff69?ixlib=rb-1.2.1&ixid=eyJhcHBfaWQiOjEyMDd9&auto=format&fit=crop&w=1296&q=60
30,https://images.unsplash.com/photo-1533858455121-cad255c592dd?ixlib=rb-1.2.1&ixid=eyJhcHBfaWQiOjEyMDd9&auto=format&fit=crop&w=1296&q=60
31,https://images.unsplash.com/photo-1518417823698-91652324a3f3?ixlib=rb-1.2.1&ixid=eyJhcHBfaWQiOjEyMDd9&auto=format&fit=crop&w=1296&q=60
32,https://images.unsplash.com/photo-1495994132590-5c7b6c4fffec?ixlib=rb-1.2.1&ixid=eyJhcHBfaWQiOjEyMDd9&auto=format&fit=crop&w=1296&q=60
33,https://images.unsplash.com/photo-1594035795072-3fcd236b7d83?ixlib=rb-1.2.1&ixid=eyJhcHBfaWQiOjEyMDd9&auto=format&fit=crop&w=1296&q=60
34,https://images.unsplash.com/photo-1576501375626-25f1ac1e0ae8?ixlib=rb-1.2.1&ixid=eyJhcHBfaWQiOjEyMDd9&auto=format&fit=crop&w=1296&q=60
35,https://images.unsplash.com/photo-1525903080273-b24878294850?ixlib=rb-1.2.1&ixid=eyJhcHBfaWQiOjEyMDd9&auto=format&fit=crop&w=1296&q=60
36,https://images.unsplash.com/photo-1539783184059-9f740f54a3c4?ixlib=rb-1.2.1&ixid=eyJhcHBfaWQiOjEyMDd9&auto=format&fit=crop&w=1296&q=60
37,https://images.unsplash.com/photo-1603233842167-ff91cab9e6ae?ixlib=rb-1.2.1&ixid=eyJhcHBfaWQiOjEyMDd9&auto=format&fit=crop&w=1296&q=60
38,https://images.unsplash.com/photo-1603389400023-a89abdcd92fa?ixlib=rb-1.2.1&ixid=eyJhcHBfaWQiOjEyMDd9&auto=format&fit=crop&w=1296&q=60
38,https://images.unsplash.com/photo-1604341841227-6dd5c2255842?ixlib=rb-1.2.1&ixid=eyJhcHBfaWQiOjEyMDd9&auto=format&fit=crop&w=1296&q=60
39,https://images.unsplash.com/photo-1502940113860-9d7391613fa7?ixlib=rb-1.2.1&ixid=eyJhcHBfaWQiOjEyMDd9&auto=format&fit=crop&w=1296&q=60
40,https://images.unsplash.com/photo-1524601885886-1bdd86a02f5a?ixlib=rb-1.2.1&ixid=eyJhcHBfaWQiOjEyMDd9&auto=format&fit=crop&w=1296&q=60
41,https://images.unsplash.com/photo-1520484205608-f65d27ad0765?ixlib=rb-1.2.1&ixid=eyJhcHBfaWQiOjEyMDd9&auto=format&fit=crop&w=1296&q=60
42,https://images.unsplash.com/photo-1511105043137-7e66f28270e3?ixlib=rb-1.2.1&ixid=eyJhcHBfaWQiOjEyMDd9&auto=format&fit=crop&w=1296&q=60
43,https://images.unsplash.com/photo-1527888134035-745830ac26fd?ixlib=rb-1.2.1&ixid=eyJhcHBfaWQiOjEyMDd9&auto=format&fit=crop&w=1296&q=60
44,https://images.unsplash.com/photo-1601632564328-58c2a78e46b6?ixlib=rb-1.2.1&ixid=eyJhcHBfaWQiOjEyMDd9&auto=format&fit=crop&w=1296&q=60
45,https://images.unsplash.com/photo-1529470839332-78ad660a6a82?ixlib=rb-1.2.1&ixid=eyJhcHBfaWQiOjEyMDd9&auto=format&fit=crop&w=1296&q=60
46,https://images.unsplash.com/photo-1517939031243-43d1006b5c23?ixlib=rb-1.2.1&ixid=eyJhcHBfaWQiOjEyMDd9&auto=format&fit=crop&w=1296&q=60
47,https://images.unsplash.com/photo-1519862170344-6cd5e49cb996?ixlib=rb-1.2.1&ixid=eyJhcHBfaWQiOjEyMDd9&auto=format&fit=crop&w=1296&q=60
48,https://images.unsplash.com/photo-1515955690568-59512d0bd487?ixlib=rb-1.2.1&ixid=eyJhcHBfaWQiOjEyMDd9&auto=format&fit=crop&w=1296&q=60
49,https://images.unsplash.com/photo-1598401488442-813164f38b19?ixlib=rb-1.2.1&ixid=eyJhcHBfaWQiOjEyMDd9&auto=format&fit=crop&w=1296&q=60
50,https://images.unsplash.com/photo-1524704088085-cfbde9454330?ixlib=rb-1.2.1&ixid=eyJhcHBfaWQiOjEyMDd9&auto=format&fit=crop&w=1296&q=60
51,https://images.unsplash.com/photo-1563900027-8c7f0573cf52?ixlib=rb-1.2.1&ixid=eyJhcHBfaWQiOjEyMDd9&auto=format&fit=crop&w=1296&q=60
52,https://images.unsplash.com/photo-1533898301026-0a2546b285e7?ixlib=rb-1.2.1&ixid=eyJhcHBfaWQiOjEyMDd9&auto=format&fit=crop&w=1296&q=60
53,https://images.unsplash.com/photo-1520013135029-3c324dc527a0?ixlib=rb-1.2.1&ixid=eyJhcHBfaWQiOjEyMDd9&auto=format&fit=crop&w=1296&q=60
54,https://images.unsplash.com/photo-1534260748473-e1c629d04bb0?ixlib=rb-1.2.1&ixid=eyJhcHBfaWQiOjEyMDd9&auto=format&fit=crop&w=1296&q=60
55,https://images.unsplash.com/photo-1518740028517-36c686a4a001?ixlib=rb-1.2.1&ixid=eyJhcHBfaWQiOjEyMDd9&auto=format&fit=crop&w=1296&q=60
56,https://images.unsplash.com/photo-1503342217505-b0a15ec3261c?ixlib=rb-1.2.1&ixid=eyJhcHBfaWQiOjEyMDd9&auto=format&fit=crop&w=1296&q=60
57,https://images.unsplash.com/flagged/photo-1562053690-62f7812fd0de?ixlib=rb-1.2.1&ixid=eyJhcHBfaWQiOjEyMDd9&auto=format&fit=crop&w=1296&q=60
58,https://images.unsplash.com/photo-1485968579580-b6d095142e6e?ixlib=rb-1.2.1&ixid=eyJhcHBfaWQiOjEyMDd9&auto=format&fit=crop&w=1296&q=60
59,https://images.unsplash.com/photo-1552168212-9ceb61083ba0?ixlib=rb-1.2.1&auto=format&fit=crop&w=1296&q=60
60,https://images.unsplash.com/photo-1593202873672-79aeb34143d8?ixlib=rb-1.2.1&ixid=eyJhcHBfaWQiOjEyMDd9&auto=format&fit=crop&w=1296&q=60
61,https://images.unsplash.com/photo-1532073150508-0c1df022bdd1?ixlib=rb-1.2.1&ixid=eyJhcHBfaWQiOjEyMDd9&auto=format&fit=crop&w=1296&q=60
62,https://images.unsplash.com/photo-1531734510209-2da4a139a53a?ixlib=rb-1.2.1&ixid=eyJhcHBfaWQiOjEyMDd9&auto=format&fit=crop&w=1296&q=60
63,https://images.unsplash.com/photo-1520483984082-37caa3093d0f?ixlib=rb-1.2.1&ixid=eyJhcHBfaWQiOjEyMDd9&auto=format&fit=crop&w=1296&q=60
64,https://images.unsplash.com/photo-1603233791515-24a3429645b8?ixlib=rb-1.2.1&ixid=eyJhcHBfaWQiOjEyMDd9&auto=format&fit=crop&w=1296&q=60
65,https://images.unsplash.com/photo-1574427797991-b086946fa9e7?ixlib=rb-1.2.1&ixid=eyJhcHBfaWQiOjEyMDd9&auto=format&fit=crop&w=1296&q=60
66,https://images.unsplash.com/photo-1511105612320-2e62a04dd044?ixlib=rb-1.2.1&ixid=eyJhcHBfaWQiOjEyMDd9&auto=format&fit=crop&w=1296&q=60
67,https://images.unsplash.com/photo-1531455522153-b9887b5a5696?ixlib=rb-1.2.1&ixid=eyJhcHBfaWQiOjEyMDd9&auto=format&fit=crop&w=1296&q=60
68,https://images.unsplash.com/photo-1601295347735-bdc097e86049?ixlib=rb-1.2.1&ixid=eyJhcHBfaWQiOjEyMDd9&auto=format&fit=crop&w=1296&q=60
69,https://images.unsplash.com/photo-1529399447871-731cff7f696b?ixlib=rb-1.2.1&ixid=eyJhcHBfaWQiOjEyMDd9&auto=format&fit=crop&w=1296&q=60
70,https://images.unsplash.com/photo-1535323700481-068e9c9f4c1f?ixlib=rb-1.2.1&ixid=eyJhcHBfaWQiOjEyMDd9&auto=format&fit=crop&w=1296&q=60
71,https://images.unsplash.com/photo-1511167966586-4942d18c6f40?ixlib=rb-1.2.1&ixid=eyJhcHBfaWQiOjEyMDd9&auto=format&fit=crop&w=1296&q=60
72,https://images.unsplash.com/photo-1511196044526-5cb3bcb7071b?ixlib=rb-1.2.1&ixid=eyJhcHBfaWQiOjEyMDd9&auto=format&fit=crop&w=1296&q=60
73,https://images.unsplash.com/photo-1462430638866-7ad892655344?ixlib=rb-1.2.1&ixid=eyJhcHBfaWQiOjEyMDd9&auto=format&fit=crop&w=1296&q=60
74,https://images.unsplash.com/photo-1598441322332-16310ec9b738?ixlib=rb-1.2.1&ixid=eyJhcHBfaWQiOjEyMDd9&auto=format&fit=crop&w=1296&q=60
75,https://images.unsplash.com/photo-1595899961631-e9a6d6c4e4ce?ixlib=rb-1.2.1&ixid=eyJhcHBfaWQiOjEyMDd9&auto=format&fit=crop&w=1296&q=60
76,https://images.unsplash.com/photo-1582124448694-88b2445077b7?ixlib=rb-1.2.1&ixid=eyJhcHBfaWQiOjEyMDd9&auto=format&fit=crop&w=1296&q=60
77,https://images.unsplash.com/photo-1534557668063-45fd39faa851?ixlib=rb-1.2.1&ixid=eyJhcHBfaWQiOjEyMDd9&auto=format&fit=crop&w=1296&q=60
78,https://images.unsplash.com/photo-1563440473806-a2abe721077c?ixlib=rb-1.2.1&ixid=eyJhcHBfaWQiOjEyMDd9&auto=format&fit=crop&w=1296&q=60
79,https://images.unsplash.com/photo-1603401740347-dc340113440f?ixlib=rb-1.2.1&ixid=eyJhcHBfaWQiOjEyMDd9&auto=format&fit=crop&w=1296&q=60
80,https://images.unsplash.com/photo-1558608846-7295ca9d0348?ixlib=rb-1.2.1&ixid=eyJhcHBfaWQiOjEyMDd9&auto=format&fit=crop&w=1296&q=60
81,https://images.unsplash.com/photo-1588992970837-27e122b58cef?ixlib=rb-1.2.1&ixid=eyJhcHBfaWQiOjEyMDd9&auto=format&fit=crop&w=1296&q=60
82,https://images.unsplash.com/photo-1601632609961-90b86ffad7b0?ixlib=rb-1.2.1&ixid=eyJhcHBfaWQiOjEyMDd9&auto=format&fit=crop&w=1296&q=60
83,https://images.unsplash.com/photo-1522872641108-bcb51e2aff69?ixlib=rb-1.2.1&ixid=eyJhcHBfaWQiOjEyMDd9&auto=format&fit=crop&w=1296&q=60
84,https://images.unsplash.com/photo-1533858455121-cad255c592dd?ixlib=rb-1.2.1&ixid=eyJhcHBfaWQiOjEyMDd9&auto=format&fit=crop&w=1296&q=60
85,https://images.unsplash.com/photo-1518417823698-91652324a3f3?ixlib=rb-1.2.1&ixid=eyJhcHBfaWQiOjEyMDd9&auto=format&fit=crop&w=1296&q=60
86,https://images.unsplash.com/photo-1495994132590-5c7b6c4fffec?ixlib=rb-1.2.1&ixid=eyJhcHBfaWQiOjEyMDd9&auto=format&fit=crop&w=1296&q=60
87,https://images.unsplash.com/photo-1594035795072-3fcd236b7d83?ixlib=rb-1.2.1&ixid=eyJhcHBfaWQiOjEyMDd9&auto=format&fit=crop&w=1296&q=60
88,https://images.unsplash.com/photo-1576501375626-25f1ac1e0ae8?ixlib=rb-1.2.1&ixid=eyJhcHBfaWQiOjEyMDd9&auto=format&fit=crop&w=1296&q=60
89,https://images.unsplash.com/photo-1525903080273-b24878294850?ixlib=rb-1.2.1&ixid=eyJhcHBfaWQiOjEyMDd9&auto=format&fit=crop&w=1296&q=60
90,https://images.unsplash.com/photo-1539783184059-9f740f54a3c4?ixlib=rb-1.2.1&ixid=eyJhcHBfaWQiOjEyMDd9&auto=format&fit=crop&w=1296&q=60
91,https://images.unsplash.com/photo-1603233842167-ff91cab9e6ae?ixlib=rb-1.2.1&ixid=eyJhcHBfaWQiOjEyMDd9&auto=format&fit=crop&w=1296&q=60
92,https://images.unsplash.com/photo-1603389400023-a89abdcd92fa?ixlib=rb-1.2.1&ixid=eyJhcHBfaWQiOjEyMDd9&auto=format&fit=crop&w=1296&q=60
93,https://images.unsplash.com/photo-1604341841227-6dd5c2255842?ixlib=rb-1.2.1&ixid=eyJhcHBfaWQiOjEyMDd9&auto=format&fit=crop&w=1296&q=60
94,https://images.unsplash.com/photo-1502940113860-9d7391613fa7?ixlib=rb-1.2.1&ixid=eyJhcHBfaWQiOjEyMDd9&auto=format&fit=crop&w=1296&q=60
95,https://images.unsplash.com/photo-1524601885886-1bdd86a02f5a?ixlib=rb-1.2.1&ixid=eyJhcHBfaWQiOjEyMDd9&auto=format&fit=crop&w=1296&q=60
96,https://images.unsplash.com/photo-1520484205608-f65d27ad0765?ixlib=rb-1.2.1&ixid=eyJhcHBfaWQiOjEyMDd9&auto=format&fit=crop&w=1296&q=60
97,https://images.unsplash.com/photo-1511105043137-7e66f28270e3?ixlib=rb-1.2.1&ixid=eyJhcHBfaWQiOjEyMDd9&auto=format&fit=crop&w=1296&q=60
98,https://images.unsplash.com/photo-1527888134035-745830ac26fd?ixlib=rb-1.2.1&ixid=eyJhcHBfaWQiOjEyMDd9&auto=format&fit=crop&w=1296&q=60
99,https://images.unsplash.com/photo-1601632564328-58c2a78e46b6?ixlib=rb-1.2.1&ixid=eyJhcHBfaWQiOjEyMDd9&auto=format&fit=crop&w=1296&q=60
